instrument_id,sector,risk_score,notional_usd
I0001,health,0.18,105000
I0002,finance,0.26,110000
I0003,tech,0.34,115000
I0004,energy,0.42,120000
I0005,health,0.5,125000
I0006,finance,0.58,130000
I0007,tech,0.66,135000
I0008,energy,0.74,140000
I0009,health,0.82,145000
I0010,finance,0.1,150000
I0011,tech,0.18,155000
I0012,energy,0.26,160000
I0013,health,0.34,165000
I0014,finance,0.42,170000
I0015,tech,0.5,175000
I0016,energy,0.58,180000
I0017,health,0.66,185000
I0018,finance,0.74,190000
I0019,tech,0.82,195000
I0020,energy,0.1,200000
I0021,health,0.18,205000
I0022,finance,0.26,210000
I0023,tech,0.34,215000
I0024,energy,0.42,220000
I0025,health,0.5,225000
I0026,finance,0.58,230000
I0027,tech,0.66,235000
I0028,energy,0.74,240000
I0029,health,0.82,245000
I0030,finance,0.1,250000
I0031,tech,0.18,255000
I0032,energy,0.26,260000
I0033,health,0.34,265000
I0034,finance,0.42,270000
I0035,tech,0.5,275000
I0036,energy,0.58,280000
I0037,health,0.66,285000
I0038,finance,0.74,290000
I0039,tech,0.82,295000
I0040,energy,0.1,300000
I0041,health,0.18,305000
I0042,finance,0.26,310000
I0043,tech,0.34,315000
I0044,energy,0.42,320000
I0045,health,0.5,325000
I0046,finance,0.58,330000
I0047,tech,0.66,335000
I0048,energy,0.74,340000
I0049,health,0.82,345000
I0050,finance,0.1,350000
I0051,tech,0.18,355000
I0052,energy,0.26,360000
I0053,health,0.34,365000
I0054,finance,0.42,370000
I0055,tech,0.5,375000
I0056,energy,0.58,380000
I0057,health,0.66,385000
I0058,finance,0.74,390000
I0059,tech,0.82,395000
I0060,energy,0.1,400000
I0061,health,0.18,405000
I0062,finance,0.26,410000
I0063,tech,0.34,415000
I0064,energy,0.42,420000
I0065,health,0.5,425000
I0066,finance,0.58,430000
I0067,tech,0.66,435000
I0068,energy,0.74,440000
I0069,health,0.82,445000
I0070,finance,0.1,450000
