note_id,text,domain
N0001,Patient stable after procedure,clinical
N0002,Claim denied due to coding,claims
N0003,Quarterly revenue beat forecast,finance
N0004,MRI scheduled next week,clinical
N0005,Patient stable after procedure,clinical
N0006,Claim denied due to coding,claims
N0007,Quarterly revenue beat forecast,finance
N0008,MRI scheduled next week,clinical
N0009,Patient stable after procedure,clinical
N0010,Claim denied due to coding,claims
N0011,Quarterly revenue beat forecast,finance
N0012,MRI scheduled next week,clinical
N0013,Patient stable after procedure,clinical
N0014,Claim denied due to coding,claims
N0015,Quarterly revenue beat forecast,finance
N0016,MRI scheduled next week,clinical
N0017,Patient stable after procedure,clinical
N0018,Claim denied due to coding,claims
N0019,Quarterly revenue beat forecast,finance
N0020,MRI scheduled next week,clinical
N0021,Patient stable after procedure,clinical
N0022,Claim denied due to coding,claims
N0023,Quarterly revenue beat forecast,finance
N0024,MRI scheduled next week,clinical
N0025,Patient stable after procedure,clinical
N0026,Claim denied due to coding,claims
N0027,Quarterly revenue beat forecast,finance
N0028,MRI scheduled next week,clinical
N0029,Patient stable after procedure,clinical
N0030,Claim denied due to coding,claims
N0031,Quarterly revenue beat forecast,finance
N0032,MRI scheduled next week,clinical
N0033,Patient stable after procedure,clinical
N0034,Claim denied due to coding,claims
N0035,Quarterly revenue beat forecast,finance
N0036,MRI scheduled next week,clinical
N0037,Patient stable after procedure,clinical
N0038,Claim denied due to coding,claims
N0039,Quarterly revenue beat forecast,finance
N0040,MRI scheduled next week,clinical
